{"spending_trends": {"labels": ["2016-01", "2016-02", "2016-03", "2016-04", "2016-05", "2016-06", "2016-07", "2016-08", "2016-09", "2016-10"], "expenses": [99012.32, 47957.8, 97674.42, 102320.98, 129945.92, 88412.52, 107075.12, 116192.48, 135691.98, 16096.76], "budget": [112845.636, 112845.636, 112845.636, 112845.636, 112845.636, 112845.636, 112845.636, 112845.636, 112845.636, 112845.636]}, "expense_breakdown": {"categories": ["Expense (Debt Payment)", "Expense (Other)", "Expense (Shopping)", "Expense (Transportation)", "Expense (Utilities)", "Savings/Investment"], "percentages": [18.752732272251983, 60.37021830423287, 1.5493731631766423, 0.021959200974329216, 13.848137822538392, 5.457579236825782]}, "account_overview": {"total_balance": 35610.57999999996, "monthly_income": 52103.0, "monthly_expense": 16096.759999999998, "balance_percentage": -17907.070707069754, "income_percentage": -61.545331089658426, "expense_percentage": -88.13727974195675}}